{
  "core": {
    "mean": 193.20504731861197,
    "std": 2.995091633599881,
    "min": 